{"cameraMode":{"drawMode":0,"name":"Shaded","section":"Shading Mode"},"sceneLighting":true,"audioPlay":false,"sceneViewState":{"showFog":true,"showMaterialUpdate":true,"showSkybox":true,"showFlares":true,"showImageEffects":true,"showParticleSystems":true},"in2DMode":false,"pivot":{"x":-0.8986861705780029,"y":-0.3936077356338501,"z":-2.097890853881836},"rotation":{"x":-0.07503675669431687,"y":0.8472307920455933,"z":-0.1244175136089325,"w":-0.5109694004058838},"size":5.001110076904297,"orthographic":false}